1;Radiateur Électrique;1
1;Plancher Chauffant;2
2;Radiateur Chauffage Central;3
2;Chaudière;4
3;Poêle À Bois;5
3;Foyer;6
3;Insert À Encastrer;7
3;Poêle À Encastrer;8
4;Sèche-Serviettes Électrique;9
4;Sèche-Serviettes Électrique;10
4;Sèche-Serviettes Eau Chaude;11
4;Sèche-Serviettes Eau Chaude;12
5;Poêle À Pétrole;13
5;Poêle À Gaz;14
5;Radiateur Soufflant;15
5;Radiateur Bain Huile;16
6;Climatiseur Réversible Fixe;17
6;Climatiseur Mobile Local;18
6;Accessoire Climatiseur;19
7;Ventilateur De Table;20
7;Ventilateur Sur Pied;21
7;Ventilateur De Plafond;22
8;Thermostat Chauffage Électrique;23
8;Thermostat Chauffage Central;24
9;Vmc;25
9;Aérateur;26
9;Extracteur D'Air;27
10;Humidificateur;28
10;Déshumidificateur;29
10;Saturateur;30
11;Thermomètre;31
11;Station Météo;32
12;Cuisine Gris Perlé;33
12;Cuisine Noire;34
13;Meuble De Cuisine;35
13;Cuisine Complète;36
13;Kitchenette;37
13;Meuble Sous-Évier;38
14;Plan De Travail;39
14;Crédence;40
14;Bande De Chant Et Profil;41
14;Barre De Support;42
15;Hotte Aspirante;43
15;Four Et Cuisinière;44
15;Plaque De Cuisson;45
15;Pack Cuisson;46
16;Évier Inox;47
16;Évier Résine;48
16;Évier Granit;49
16;Évier Grés;50
17;Robinet;51
17;Mélangeur;52
17;Colonne De Douche Hydromassante;53
17;Mitigeur Avec Douchette;54
17;Kit De Douche;55
17;Mitigeur Sans Douchette;56
17;Douchette;57
18;Siphon D'Évier;58
18;Bonde D'Évier;59
18;Ensemble Complet;60
18;Bouchon;61
19;Poubelle De Cuisine;62
19;Barre De Crédence;63
19;Tabouret De Bar;64
20;Carrelage Mural;65
20;Carrelage Mural;66
20;Frise;67
20;Frise;68
20;Listel;69
20;Listel;70
20;Mosaïque;71
20;Mosaïque;72
20;Profilé;73
20;Galet;74
20;Profilé;75
21;Carrelage Intérieur;76
21;Carrelage Intérieur;77
21;Carrelage Extérieur;78
21;Carrelage Extérieur;79
21;Plinthe Carrelage Sol;80
21;Plinthe Carrelage;81
22;Poignée Inox;82
22;Poignée Bois;83
22;Poignée Abs;84
23;Rideau;85
23;Voilage;86
23;Rideau De Fils;87
23;Rideau Portière;88
23;Brise-Bise;89
23;Embrasse;90
24;Store Vénitien;91
24;Store Enrouleur;92
24;Store Bateau;93
24;Store À Bandes;94
25;Kit De Barre À Rideaux;95
25;Barre À Rideaux À Composer;96
26;Motif;97
26;Gris;98
26;Chocolat;99
26;Taupe;100
26;Beige;101
26;Blanc;102
26;Rouge;103
26;Noir;104
27;Coussin;105
27;Pouf Et Coussin De Sol;106
27;Galette De Chaise;107
27;Plaid;108
27;Parure De Lit;109
28;Toile Et Image Encadrée;110
28;Poster Et Affiche;111
28;Accessoire;112
28;Tableau;113
29;Cadre Bois;114
29;Cadre Blanc;115
29;Cadre Noir;116
29;Cadre Couleur;117
29;Cadre Métal;118
30;Horloge Authentique;119
30;Horloge Contemporaine;120
30;Horloge Multicolore;121
31;Miroir À Coller;122
31;Miroir Décoratif;123
31;Moiroir À Poser;124
32;Mot Décoratif;125
32;Lettre Décorative;126
33;Sticker;127
33;Pochoir;128
34;Adhésif Uni;129
34;Adhésif Motif;130
34;Adhésif Aspect Velours;131
35;Accessoire;132
35;Poignée Acrylique Et Résine;133
35;Poignée Bois;134
35;Poignée Extérieure;135
35;Poignée Fer Forgé;136
35;Poignée Métal;137
36;Carrelage Mural;138
36;Frise;139
36;Listel;140
36;Mosaïque;141
36;Profilé;142
37;Lambris Bois/Mdf;143
37;Lambris Pvc;144
37;Lame Adhésives;145
37;Dalle Adhésives;146
38;Adhésif De Plaquette;147
38;Plaquette Plâtre;148
38;Plaquette Béton;149
38;Plaquette Pierre Naturelle;150
39;D Alle Plafond;151
39;Lame Pvc;152
39;Moulure;153
39;Poutre;154
39;Rosace;155
40;Suspension;156
40;Lustre;157
40;Lampadaire;158
40;Applique;159
40;Spot Plafonnier;160
40;Lampe;161
40;Réglette;162
40;Spot;163
41;Applique Extérieure;164
41;Borne Extérieure;165
41;Potelet;166
42;Ampoule;167
42;Ampoule;168
42;Ampoule Pour Spot;169
42;Ampoule Pour Spot;170
42;Ampoule Spécifique;171
42;Ampoule Spécifique;172
42;Tube Fluorescent;173
42;Tube Fluorescent;174
43;Interrupteur Encastré;175
43;Prise Encastrée;176
43;Interrupteur À Poser;177
43;Prise À Poser;178
43;Interrupteur Étanche;179
43;Prise Étanche;180
44;Table Jardin Bois;181
44;Table Jardin Métal;182
44;Table Jardin Multi-Matières;183
44;Table Jardin Résine;184
44;Table Jardin Rotin;185
44;Table Jardin Synthétique;186
45;Chaise Jardin Bois;187
45;Chaise Jardin Métal;188
45;Chaise Jardin Multi-Matières;189
45;Chaise Jardin Résine;190
45;Chaise Jardin Rotin;191
45;Chaise Jardin Synthétique;192
46;Salon Jardin Bois;193
46;Salon Jardin Métal;194
46;Salon Jardin Multi-Matières;195
46;Salon Jardin Résine;196
46;Salon Jardin Rotin;197
46;Salon Jardin Synthétique;198
47;Salon Détente Plastique;199
47;Salon Détente Bois;200
47;Salon Détente Métal;201
47;Salon Détente Rotin;202
47;Salon Détente Synthétique;203
48;Banc Jardin Bois;204
48;Banc Jardin Métal;205
48;Banc Jardin Autre Matière;206
49;Bain Soleil Bois;207
49;Bain Soleil Multi-Matières;208
49;Bain Soleil Résine;209
49;Bain Soleil Rotin;210
49;Bain Soleil Synthétique;211
49;Bain Soleil Métal;212
50;Chaise Pliante;213
50;Chilienne;214
50;Hamac;215
50;Fauteuil De Relaxation;216
50;Balancelle;217
51;Galette;218
51;Coussin Pour Fauteuil;219
51;Coussin Pour Bain De Soleil;220
52;Carrelage Intérieur;221
52;Carrelage Extérieur;222
52;Plinthe Carrelage Sol;223
53;Parquet;224
53;Stratifié;225
53;Plancher;226
53;Plinthe;227
53;Angle De Plinthe;228
54;Dalle Vinyle Pvc;229
54;Lame Vinyle Pvc;230
54;Sol Vinyle Pvc À La Coupe;231
54;Colle;232
54;Adhésif;233
55;Sisal;234
55;Jonc De Mer;235
55;Moquette;236
55;Colle Moquette;237
55;Adhésif Moquette;238
56;Peinture Sol Intérieur;239
56;Peinture Sol Extérieur;240
56;Résine Sol Décorative;241
56;Enduit;242
57;Paillasson Extérieur;243
57;Paillasson Extérieur;244
57;Paillasson Intérieur;245
57;Paillasson Intérieur;246
58;Peinture Intérieure Claire;247
58;Peinture Intérieure Foncée;248
59;Papier Peint;249
59;Fibre De Verre;250
59;Revêtement De Lissage;251
59;Frise;252
60;Peinture Blanche Satin;253
60;Peinture Blanche Mat;254
60;Peinture Blanche Brillant;255
60;Peinture Blanche Spécial Plafond;256
61;Sous-Couche;257
61;Colle Pour Isolant;258
61;Enduit;259
61;Calicot;260
61;Isolant Mural;261
62;Peinture Effet Sablé;262
62;Peinture Effet Métallisé;263
62;Peinture Effet Brossé;264
63;Résine Sol Et Mur;265
63;Résine Mur Et Mobilier;266
63;Résine Sol;267
63;Résine Plan De Travail;268
63;Résine Salle D'Eau;269
64;Peinture De Rénovation Pour Mur;270
64;Peinture De Rénovation Pour Mobilier;271
65;Préparation Du Bois;272
65;Réparation Du Bois;273
65;Décoration Du Bois;274
65;Outil De Peinture;275
66;Vernis;276
66;Imprégnant;277
66;Lasure;278
66;Peinture;279
67;Préparation Du Parquet;280
67;Réparation Du Parquet;281
67;Décoration Du Parquet;282
68;Aérosol Effet Décoratif;283
68;Aérosol Multi-Supports;284
68;Aérosol Spécifique;285
68;Aérosol Carrosserie;286
69;Pistolet À Peinture Électrique Et Machine À Peindre;287
69;Pinceau;288
70;Bloc Porte;289
70;Porte Coulissante;290
70;Système En Applique;291
70;Système À Galandage;292
71;Cloison À Composer;293
71;Cloison À Poser;294
71;Système Coulissant;295
71;Système Pivotant;296
72;Escalier Escamotable;297
72;Escalier Droit;298
72;Escalier Hélicoïdal;299
72;Escalier Quart D'Angle;300
73;Balustrade Bois;301
73;Balustrade Métal;302
74;Kit Porte Brute;303
74;Kit Porte Prépeinte;304
75;Barrière De Sécurité;305
75;Barrière De Sécurité;306
75;Extension Byblose Blanc;307
76;Vinaigre;308
76;Acide Citrique;309
76;Bicarbonate De Soude;310
76;Savon;311
76;Pierre D'Alun;312
77;Entretien Parquet Bois;313
77;Entretien Parquet Vitrifié;314
77;Entretien Parquet Vitrifié;315
77;Entretien Parquet Stratifié;316
77;Entretien Ciment;317
78;Cristaux De Soude;318
78;Eau De Javel;319
78;Lessive Liquide;320
78;Lessive Poudre;321
79;Entretien Des Vitres;322
79;Entretien Du Meuble;323
79;Entretien Du Textile;324
80;Acétone;325
80;Acide Chloridrique;326
80;Acide Sulfurique;327
80;Alcool À Brûler;328
81;Anti - Acarien;329
81;Anti - Araignée;330
81;Anti - Cafard;331
81;Anti - Fourmis;332
82;Eponge;333
82;Serpillère Et Accessoire De Lavage;334
82;Balai;335
82;Brosse;336
82;Seau;337
83;Diffuseur De Parfum;338
83;Parfum D'Ambiance;339
83;Désodorisant;340
84;Dressing Tout-En-Un;341
84;Dressing Modulable;342
85;Pack Portes Coulissantes;343
85;Porte Pliante;344
85;Porte Extensible;345
85;Porte Coulissante;346
86;Structure Avec Housse;347
86;Structure Seule;348
86;Housse Seule;349
86;Portant;350
87;Etabli Pliant;351
87;Etabli Fixe;352
87;Etabli Aménageable;353
87;Boite À Outils;354
87;Étagères;355
87;Armoires;356
88;Étagère Murale;357
88;Équerre Pour Étagère Murale;358
88;Crémaillère;359
88;Console;360
89;Plateau;361
89;Tréteau;362
90;Boite Métal;363
90;Boite Bois;364
90;Boite Plastique;365
90;Boite Carton;366
90;Boite Fibres Naturelles;367
90;Boite Tissu;368
91;Meuble De Salle De Bains 40 Cm;369
91;Meuble De Salle De Bains 70 Cm;370
91;Meuble De Salle De Bains 71-99 Cm;371
91;Meuble De Salle De Bains Sup À 100 Cm;372
92;Cabine De Douche;373
92;Paroi De Douche;374
92;Paroi De Douche;375
93;Lavabo Totem;376
93;Lavabo Sur Colonne;377
93;Vasque À Poser;378
93;Vasque À Encastrer;379
94;Baignoire Balnéo;380
94;Baignoire Îlot;381
94;Baignoire D'Angle;382
94;Baignoire Droite;383
95;Mélangeur;384
95;Mitigeur Avec Douchette;385
95;Mitigeur Sans Douchette;386
96;Pack Wc;387
96;Broyeur;388
96;Wc Chimique;389
96;Wc Suspendu;390
96;Accessoire De Wc;391
96;Bidet;392
97;Distributeur;393
97;Porte-Savon Et Gobelet;394
97;Porte-Serviettes;395
97;Poubelle De Salle De Bain;396
98;Armoire Simple;397
98;Armoire Éclairante;398
98;Armoire À Pharmacie;399
98;Miroir;400
99;Sèche-Serviettes Eau Chaude;401
99;Sèche-Serviettes Électrique;402
100;Moulure De Finition;403
100;Moulure Spécifique;404
101;Dalle De Plancher;405
101;Dalle De Plancher;406
101;Plancher;407
101;Plancher;408
101;Accessoire;409
102;Panneau Bois Aggloméré;410
102;Panneau Bois Contre-Plaqué;411
102;Panneau Bois Fibre Mince;412
102;Panneau Bois Latté;413
102;Panneau Bois Mdf;414
102;Panneau Bois Osb;415
102;Panneau Bois Placage;416
103;Tablette Bois;417
103;Tablette Mélaminé;418
103;Fixation Tablette;419
104;Accessoire Poutre;420
104;Poutre Chêne;421
104;Poutre Sapin;422
105;Plinthe Bois;423
105;Plinthe Pvc;424
105;Plinthe Polystyrène;425
105;Plinthe Mdf;426
105;Plinthe Revêtue;427
105;Sabot De Plinthe;428
106;Tasseau Brut;429
106;Tasseau Raboté;430
107;Bastaing;431
107;Poutre;432
107;Madrier;433
107;Chevron;434
107;Liteau;435
107;Volige;436
108;Bétonnière;437
108;Echelle;438
108;Mesure;439
108;Echafaudage;440
108;Traçage;441
108;Bétonnière;442
108;Remorque;443
108;Brouette;444
108;Outils Du Maçon;445
108;Accessoire Batiment;446
108;Brouette;447
108;Remorque;448
109;Bardage;449
109;Clin;450
109;Enduit De Façade;451
109;Peinture Façade Extérieure;452
110;Bois De Charpente;453
110;Plaque;454
110;Bardeau;455
110;Tuile;456
110;Écran Sous Toiture;457
111;Absorbeur D'Humidité;458
111;Anti-Mousse;459
111;Autre Produit D'Étanchéité;460
112;Gaine;461
112;Drain;462
112;Raccord Pvc Exterieur;463
112;Tube Pvc Exterieur;464
112;Fosse Septique;465
113;Récupération D'Eau;466
113;Gouttière;467
113;Caniveau;468
113;Regard;469
113;Grille;470
114;Grille Carrée;471
114;Grille Rectangulaire;472
114;Grille Ronde;473
114;Chatière;474
115;Béton;475
115;Mortier;476
115;Ciment;477
115;Plâtre;478
115;Enduit;479
115;Armature;480
115;Ferraillage;481
116;Dalle De Plancher;482
116;Plancher;483
117;Tableau Électrique Pré-Équipé;484
117;Tableau Électrique Nu;485
117;Coffret Électrique;486
117;Composants Électrique;487
118;Centrale Domotique;488
118;Alarme Et Vidéosurveillance;489
118;Commande De Portail;490
119;Enrouleur;491
119;Bloc Multiprise;492
119;Rallonge Électrique;493
119;Range-Fil;494
120;Carillon;495
120;Sonnette;496
120;Interphone;497
120;Serrure Électrique;498
120;Gâche Électrique;499
121;Gaine Électrique;500
121;Câble D’Installation;501
121;Fil D’Installation;502
121;Câble;503
121;Cordon D'Alimentation;504
122;Douille Électrique;505
122;Fiche Électrique;506
122;Boite Luminaire;507
122;Connexion Luminaire;508
123;Multimètre;509
123;Testeur;510
123;Pince D'Électricien;511
123;Clé D'Électricien;512
124;Energie Solaire;513
124;Eolienne;514
124;Accessoires Electriques;515
124;Convertisseur De Tension;516
125;Ampoule;517
125;Ampoule Pour Spot;518
125;Ampoule Spécifique;519
125;Tube Fluorescent;520
126;Lampe Torche;521
126;Lampe Baladeuse;522
126;Pile;523
126;Batteries Rechargeable;524
127;Etabli Pliant;525
127;Accessoire Etabli;526
128;Etabli Fixe;527
128;Etabli Aménageable;528
129;Boite À Outils Vide;529
129;Boite À Outils Complète;530
130;Sac Porte-Outils;531
130;Ceinture Porte-Outils;532
130;Porte-Outils Fixable;533
131;Servante;534
131;Coffre De Chantier;535
131;Servante D'Atelier;536
132;Console;537
132;Crémaillère;538
132;Tablette;539
132;Penderie;540
132;Taquet;541
133;Cantine Pvc;542
133;Cantine Acier;543
133;Cantine Alu;544
134;Bac À Bec;545
134;Casier À Vis;546
135;Crochet Mural;547
135;Crochet Plafond;548
135;Panneau Et Accessoire;549
135;Râtelier;550
136;Adhésif D'Emballage;551
136;Carton;552
136;Film À Bulles;553
136;Film De Rangement;554
136;Levage;555
137;Casier En Bois;556
137;Casier En Métal;557
137;Autre Casier;558
138;Etau Perceuse À Colonne;559
138;Etau Pour Table;560
138;Etau Mobile;561
139;Motorisation De Portail;562
139;Motorisation De Porte De Garage;563
139;Motorisation De Volet;564
139;Accessoire Motorisation;565
140;Isolation Des Combles;566
140;Isolation Des Murs;567
140;Isolation Des Sols;568
141;Isolant;569
141;Bardage;570
141;Accessoire Pour Isolant;571
141;Accessoire Pour Bardage;572
142;Cloison De Séparation;573
142;Plaque De Plâtre;574
142;Cloison De Doublage;575
143;Perceuse-Visseuse Sans Fil;576
143;Perceuse À Percussion;577
143;Tournevis Sans Fil;578
144;Nettoyeur Haute Pression;579
144;Nettoyeur Vapeur;580
144;Aspirateur;581
144;Robot - Aspirateur;582
145;Outil Multifonctions;583
145;Mini Outil;584
145;Aérographe;585
145;Accessoire Mini - Outil;586
146;Scie Circulaire;587
146;Meuleuse;588
146;Scie Sauteuse;589
146;Scie À Onglet;590
146;Scie Égoïne;591
147;Ponceuse;592
147;Abrasif Pour Ponceuse;593
147;Combiné Ponceur;594
148;Etabli Pliant;595
148;Etabli Fixe Et Aménageable;596
148;Diable;597
148;Chariot;598
149;Tournevis;599
149;Marteau;600
149;Coin;601
149;Clé À Douille;602
149;Pinces;603
149;Tenailles;604
150;Niveau Laser;605
150;Mètre Ruban;606
150;Niveau À Bulle;607
150;Equerre;608
150;Règle;609
150;Compas;610
151;Echafaudage;611
151;Echelle;612
151;Escabeau;613
151;Marchepied;614
152;Rabot Électrique;615
152;Défonceuse;616
152;Machine À Bois;617
152;Raboteuse;618
153;Compresseur;619
153;Accessoire De Gonflage;620
153;Agrafeuse Pneumatique;621
153;Pistolet À Peinture;622
154;Soudure À L'Arc;623
154;Soudure À Froid;624
154;Fer À Souder;625
154;Accessoire Soudure;626
155;Loisir;627
155;Gros Travaux;628
155;Accessoire Groupes;629
156;Bétonnière;630
156;Mesure;631
156;Traçage;632
156;Remorque;633
156;Outils Du Maçon;634
156;Brouette;635
157;Pistolet À Peinture Électrique;636
157;Machine À Peindre;637
157;Décolleuse À Papier;638
158;Vêtement;639
158;Chaussure De Sécurité;640
158;Casque;641
158;Bouchon Anti-Bruit;642
158;Botte;643
159;Chauffe-Eau Electrique;644
159;Chauffe-Eau À Gaz;645
160;Adoucisseur D'Eau;646
160;Filtre Anti-Calcaire;647
160;Carafe Filtrante.;648
161;Tube Cuivre;649
161;Raccord Cuivre;650
161;Tube Per;651
161;Raccord Per;652
161;Tube Laiton;653
161;Raccord Laiton;654
162;Tube Pvc;655
162;Raccord Pvc;656
162;Vidage De Lavabo-Vasque;657
162;Vidage D'Évier;658
162;Vidage Baignoire;659
163;Joint Silicone;660
163;Joint Téflon;661
163;Filasse;662
163;Répare Fuite;663
163;Pistolet À Silicone;664
164;Joint De Wc;665
164;Joint Multi-Usages;666
164;Joint/Clapet De Robinet;667
165;Lampe À Souder;668
165;Poste Bi-Gaz;669
165;Chalumeau Monogaz;670
165;Baguette Pour Soudure;671
166;Clé De Plombier;672
166;Coupe Tube;673
166;Pince De Plombier;674
166;Débouchage Mécanique;675
167;Bouteille Propane;676
167;Bouteille Butane;677
167;Tuyau Gaz;678
167;Détendeur Gaz;679
167;Raccord Gaz;680
168;Porte D'Entrée Pvc;681
168;Porte D'Entrée Métal;682
168;Porte D'Entrée Bois;683
168;Accessoire Porte D'Entrée;684
169;Porte De Garage Sectionnelle;685
169;Porte De Garage Enroulable;686
169;Porte De Garage Basculante;687
169;Porte De Garage Battante;688
169;Porte De Garage Coulissante;689
170;Porte De Service Pvc;690
170;Porte De Service Métal;691
170;Porte De Service Bois;692
171;Fenêtre Standard;693
171;Fenêtre Sur Mesure;694
172;Auvent Bois;695
172;Auvent Bois;696
172;Marquise Aluminium;697
172;Marquise Aluminium;698
172;Marquise Fer;699
172;Marquise Fer;700
173;Fenêtre De Toit Et Raccord;701
173;Store Pour Fenêtre De Toit;702
173;Accessoire Pour Fenêtre De Toit;703
174;Volet Coulissant;704
174;Accessoire Volet Coulissant;705
174;Volet Battant;706
174;Accessoire Volet Battant;707
175;Baie Coulissante;708
175;Porte-Fenêtre Pvc;709
175;Porte-Fenêtre Bois;710
176;Moustiquaire Pour Fenêtre;711
176;Moustiquaire Pour Fenêtre De Toit;712
176;Moustiquaire Pour Porte;713
177;Paillasson Extérieur;714
177;Paillasson Intérieur;715
178;Accessoire Portail Et Portillon;716
178;Accessoire Volet;717
178;Barre De Sécurité;718
179;Adhésif Double Face;719
179;Adhésif De Fixation;720
179;Calicot Adhésif;721
179;Adhésif De Masquage;722
179;Adhésif De Réparation;723
180;Boite Aux Lettres Unie;724
180;Boite Aux Lettres Personnalisable;725
181;Boulon;726
181;Circlip;727
181;Écrou;728
181;Goupille;729
181;Manchon De Raccordement;730
181;Rondelle;731
182;Outil De Pose Cheville;732
182;Cheville Pour Matériaux Creux;733
182;Cheville Pour Matériaux Pleins;734
183;Clou Spécial;735
183;Clou Tête Homme;736
183;Clou Tête Plate;737
183;Clou Torsadé;738
184;Colle Tous Matériaux;739
184;Colle À Bois;740
184;Colle Spécifique;741
184;Colle Verre;742
185;Câble;743
185;Ressort;744
185;Chaîne;745
185;Corde;746
185;Sangle;747
185;Sandow;748
186;Crochet;749
186;Équerre;750
186;Ferrure;751
186;Matériel De Fixation Sanitaire;752
186;Patte De Fixation;753
187;Signalisation Automobile;754
187;Chiffre Et Lettre;755
187;Panneau De Chantier;756
188;Patin;757
188;Embout;758
188;Pied;759
189;Charnière;760
189;Compas;761
189;Coulisse;762
189;Coulisseau;763
189;Fiche D'Ameublement;764
190;Roue;765
190;Roulette;766
191;Tôle;767
191;Profilé;768
192;Cache Vis;769
192;Crochet;770
192;Gond;771
192;Piton;772
192;Vis Pour Bois;773
192;Vis Pour Métaux;774
192;Vis Pour Plaque;775
193;Récepteur Tnt Terrestre;776
193;Récepteur Satellite;777
193;Télécommande Tv;778
194;Support Tv Fixe;779
194;Support Tv Inclinable;780
195;Antenne Intérieure Terrestre;781
195;Antenne Extérieure Terrestre;782
195;Parabole;783
196;Câble Coaxial;784
196;Câble Et Connectique Haut Parleur;785
196;Cordon Tv;786
197;Câble Téléphone;787
197;Conjoncteur En T;788
197;Filtre Adsl;789
197;Cable Informatique;790
197;Connectique Informatique;791
198;Alarme Sans Fil;792
198;Vidéosurveillance;793
198;Maintien À Domicile;794
198;Accessoire Alarme;795
199;Détecteur De Fumée;796
199;Détecteur De Monoxyde De Carbone;797
199;Détecteur De Gaz;798
200;Coffre À Poser;799
200;Coffre À Emmurer;800
200;Coffre Nomade;801
200;Armoire À Fusils;802
201;Cadenans Bagages;803
201;Cadenans Portails;804
201;Cadenans Grilles;805
201;Cadenans Entrepôts;806
201;Casiers;807
201;Antivol Velo;808
201;Antivol Moto;809
202;Serrure À Encastrer;810
202;Serrure Cylindre;811
202;Serrure En Applique;812
202;Gâche;813
202;Accessoire Serrure;814
203;Verrou À Bouton;815
203;Verrou À Double Entrée;816
203;Gâche Verrou;817
203;Accessoire Verrou;818
203;Verrou Multipoints;819
204;Verrou De Fenêtre;820
204;Barre De Sécurité;821
204;Bloque-Porte;822
204;Bloque-Fenêtres;823
204;Butoir;824
205;Barrière De Parking Rabattable;825
205;Barrière De Parking Fixe;826
206;Barre D'Appui;827
206;Réhausse Wc;828
206;Siège De Douche;829
206;Siège De Baignoire;830
206;Pont;831
207;Barrière De Sécurité;832
207;Extension ;833
208;Détecteur De Mouvement Extérieur;834
208;Détecteur De Mouvement Interieur;835
209;Pavé De Verre;836
209;Panneau De Pavés Pré-Assemblés;837
209;Accessoire De Pose Pavé Verre;838
210;Verre Synthétique Extérieur;839
210;Verre Synthétique Intérieur;840
210;Verre Mineral;841
211;Mastic;842
211;Outillage Vitrier;843
212;Film Anti Chaleur;844
212;Film Miroir Sans Tain;845
213;Abri De Jardin;846
213;Accessoire Abri De Jardin;847
214;Garage Métal;848
214;Garage Bois;849
214;Garage Toile;850
214;Appentis;851
214;Carport;852
215;Serre En Plastique;853
215;Serre En Polycarbonate;854
215;Serre En Verre;855
215;Tunnel;856
216;Coffre Pvc;857
216;Coffre Résine;858
216;Coffre Bois;859
217;Auvent Bois;860
217;Marquise Aluminium;861
217;Marquise Fer;862
218;Bûcher Bois;863
218;Abri Bûches;864
219;Niche À Chien Pvc;865
219;Niche À Chien Bois;866
219;Nichoir Oiseau;867
219;Clapier Pvc;868
219;Clapier Bois;869
219;Poullailer Bois;870
220;Barbecue Mobile Charbon De Bois;871
220;Barbecue Mobile Electrique;872
220;Barbecue Mobile Gaz;873
221;Cuisine D'Extérieur;874
221;Etagère Cuisine;875
221;Chariot;876
222;Plancha À Gaz;877
222;Plancha Électrique;878
222;Plancha Pour Barbecue;879
223;Barbecue Fixe Avec Hotte;880
223;Barbecue Fixe Sans Hotte;881
223;Four À Pain;882
223;Four À Pizza;883
224;Grille;884
224;Ustensile;885
224;Chariot;886
224;Nettoyant;887
224;Housse;888
225;Allume-Feu;889
225;Combustible;890
226;Maisonnette Bois;891
226;Maisonnette Pvc;892
227;Portique Métal;893
227;Portique Bois;894
227;Agrè;895
227;Accessoire Portique;896
228;Chaise Enfant;897
228;Table Enfant;898
229;Toboggan Ks;899
229;Toboggan Bois;900
229;Toboggan Pvc;901
230;Trampoline Diamètre Inf 2 Metres;902
230;Trampoline Diamètre Sup 2 Metres;903
231;Bac À Sable Coquillage;904
231;Bac À Sable Carré Résine;905
231;Bac À Sable Carré Bois;906
232;Trébuchet En Acier;907
233;Parasol Bois;908
233;Parasol Métal;909
233;Pied Parasol;910
233;Accessoire De Parasol;911
234;3 X 2 Metres;912
234;4 X 3 Metres;913
234;5 X 4 Metres;914
235;Tonnelle;915
235;Tonnelle Adossée;916
235;Abri Pour Spa;917
235;Accessoires Tonnelle;918
236;Pergola Bois;919
236;Pergola Métal;920
237;Voile D'Ombrage;921
237;Accessoire Voile;922
238;Piscine Auto-Portante;923
238;Piscine Tubulaire;924
238;Piscine Acier;925
238;Piscine Bois;926
238;Piscine Béton;927
239;Accessoires Spa Et Sauna;928
239;Sauna;929
239;Spa Démontable;930
239;Spa Fixe;931
240;Filtration Piscine;932
240;Chauffage Piscine;933
240;Traitement De L'Eau De Piscine;934
241;Panneau À Composer;935
241;Panneau Bois;936
241;Clôture;937
241;Accessoire Cloture;938
241;Poteau Cloture;939
242;Portail Aluminium;940
242;Portail Bois;941
242;Portail Pvc;942
242;Portail Fer;943
242;Portillon;944
242;Accessoire Portail;945
242;Grillage Portail;946
243;Grillage Rouleau;947
243;Grillage Rigide;948
243;Accessoire Grillage;949
243;Poteau Pour Grillage;950
244;Pilier;951
244;Muret;952
244;Chaperon;953
245;Canisse;954
245;Brande;955
245;Osier;956
245;Paillon;957
245;Brise Vue;958
245;Brise Vent;959
245;Ecran De Protection;960
246;Balustre;961
246;Accessoire Pour Balustre;962
246;Claustra Maçonnée;963
247;Tondeuse À Pousser;964
247;Tondeuse Autoportée;965
248;Scarificateur Electrique;966
248;Scarificateur À Essence;967
248;Accessoire Scarificateur;968
249;Coupe-Bordure Sur Batterie;969
249;Coupe-Bordure Electrique;970
249;Coupe-Bordure À Essence;971
249;Accessoire;972
250;Débroussailleuse À Essence;973
250;Débroussailleuse Electrique;974
250;Débroussailleuse Sur Batterie;975
250;Motofaucheuse;976
251;Taille-Haie Electrique;977
251;Taille-Haie Sur Batterie;978
251;Taille-Haie À Essence;979
251;Accessoire Taille-Haie;980
252;Tronçonneuse A Essence;981
252;Tronçonneuse Sur Batterie;982
252;Tronçonneuse Electrique;983
252;Accessoire Tronçonneuse;984
253;Motobineuse A Essence;985
253;Motobineuse Electrique;986
253;Accessoire Motobineuse;987
253;Motoculteur;988
254;Nettoyeur Haute Pression : Travaux Occasionnel;989
254;Nettoyeur Haute Pression : Gros Travaux;990
254;Nettoyeur Haute Pression À Eau Chaude;991
255;Broyeur Electrique;992
255;Broyeur Thermique;993
256;Aspirateur/Souffleur A Essence;994
256;Aspirateur/Souffleur Electrique;995
256;Accessoire Aspirateur/Souffleur;996
257;Fendeur De Bûches;997
257;Scie Circulaire À Bûches;998
258;Déneigeuse Électrique;999
258;Déneigeuse Thermique;1000
258;Sel De Déneigement;1001
259;Huile Outil À Moteur;1002
259;Pièce De Rechange Outil À Moteur;1003
259;Accessoire Outil À Moteur;1004
259;Moteur Essence Standard;1005
259;Moteur Electrique Standard;1006
259;Batteries;1007
260;Chevalet;1008
260;Range Bûche;1009
260;Diable À Bûche;1010
260;Casse-Bûches;1011
260;Coin;1012
260;Hache;1013
261;Affûteur;1014
261;Pierre À Affûter;1015
261;Cisaille Haie;1016
261;Coupe-Branche;1017
261;Échenilloir;1018
262;Balai À Gazon;1019
262;Cisaille Gazon;1020
262;Dresse-Bordure;1021
262;Épandeur;1022
262;Rouleau;1023
263;Agenouilloir;1024
263;Bêche;1025
263;Louchet;1026
263;Binette;1027
263;Serfouette;1028
263;Cordeau;1029
264;Pelle;1030
264;Pioche;1031
265;Tête Rateau;1032
265;Manche Long;1033
265;Manche Court;1034
265;Tête Griffe Sarcleuse;1035
266;Composteur De Végétaux Pvc;1036
266;Composteur De Végétaux Acier;1037
266;Composteur Pvc;1038
266;Composteur Résine;1039
267;Brouette À Main;1040
267;Brouette Thermique;1041
267;Accessoire Brouette;1042
268;Remorque Compacte;1043
268;Remorque Mixte;1044
268;Remorque Grande Capacité;1045
268;Bâche;1046
269;Poubelle 2 Roues Voirie;1047
269;Poubelle De Jardin;1048
270;Botte;1049
270;Chausson;1050
270;Sabot;1051
271;Étendoir De Jardin Métal;1052
271;Étendoir De Jardin Parapluie;1053
271;Accessoire Étendoir;1054
272;Récupérateur D’Eau;1055
272;Cuve Enterrée;1056
273;Dévidoir Mobile;1057
273;Dévidoir Mural;1058
273;Guide Tuyau;1059
273;Tuyau De Bricolage;1060
274;Pompe;1061
274;Accessoire Pompe;1062
274;Filtre Pour Pompe;1063
274;Cuve De Suppresseur;1064
274;Kit D'Aspiration;1065
275;Pulvérisateur A Gâchette;1066
275;Pulvérisateur A Pression Préalable;1067
275;Pulvérisateur Electrique;1068
275;Accessoire Pulvérisateur;1069
276;Accessoire Programmateur;1070
276;Minuterie;1071
276;Programmateur Multi Programmes;1072
277;Accessoire Pour Arrosage Enterré;1073
277;Buse Arrosage Enterré;1074
277;Électrovanne Arrosage Enterré;1075
277;Kit Arrosage Enterré;1076
277;Raccord Arrosage Enterré;1077
278;Goutteur;1078
278;Kit Arrosage Goutte À Goutte;1079
278;Micro-Asperseur;1080
278;Raccord Arrosage Goutte À Goutte;1081
278;Tuyau Goutte À Goutte;1082
279;Accessoire D'Arrosage Aérien;1083
279;Arroseur Canon;1084
279;Arroseur Fixe;1085
279;Arroseur Mobile;1086
280;Arrosoir;1087
280;Seau;1088
281;Raccord Arrosage Métal;1089
281;Raccord Arrosage Plastique;1090
282;Pot De Fleurs Terre Cuite;1091
282;Pot De Fleurs Pvc;1092
282;Pot De Fleurs Résine;1093
283;Bac À Fleurs Plastique;1094
283;Bac À Fleurs Bois;1095
284;Jardinière Plastique;1096
284;Jardinière Bois;1097
284;Balconnière Plastique;1098
284;Balconnière Bois;1099
285;Sac Potager;1100
285;Carré Potager;1101
286;Porte-Pot;1102
286;Support Balconnière;1103
286;Support Roulant;1104
287;Soucoupe Ronde;1105
287;Soucoupe Carrée;1106
287;Soucoupe Rectangulaire;1107
288;Fontaine De Jardin;1108
288;Robinet De Fontaine;1109
288;Contour De Bassin;1110
289;Treillage Bois;1111
289;Treillage Métal;1112
289;Treillage Plastique;1113
290;Bordure Bois;1114
290;Bordure Grillage;1115
290;Bordure Plastique;1116
290;Entourage D'Arbre;1117
291;Bougie Citronnelle;1118
291;Bougie Décorative;1119
291;Photophore;1120
292;Applique Extérieure Sol;1121
292;Applique Extérieure Murale;1122
293;Luminaire Extérieur Boule;1123
293;Luminaire Extérieur Vase;1124
293;Luminaire Extérieur Cube;1125
293;Lampe Extérieure;1126
293;Guirlande Extérieure;1127
294;Lampadaire Extérieur Acier;1128
294;Lampadaire Extérieur Résine;1129
294;Lampadaire Extérieur Pvc;1130
295;Spot Extérieur À Encastrer;1131
295;Spot Extérieur À Enterrer;1132
296;Projecteur Extérieur Mural;1133
296;Projecteur Extérieur Mural Avec Détecteur De Mouvement;1134
297;Applique Solaire Extérieure;1135
297;Balise Solaire Extérieure;1136
297;Borne Solaire Extérieure;1137
297;Potelet Solaire;1138
298;Applique Led Extérieure;1139
298;Balise Led Extérieure;1140
298;Borne Extérieure Led;1141
298;Potelet Led;1142
299;Applique Extérieure;1143
299;Projecteur Extérieur;1144
300;Lame De Terrasse Pin;1145
300;Lame De Terrasse Sapin;1146
300;Lame De Terrasse Bois Exotique;1147
301;Dalle De Terrasse Bois;1148
301;Dalle De Terrasse Composite;1149
302;Carrelage Extérieur;1150
302;Outillage Carreleur;1151
302;Préparation Du Sol;1152
302;Colle Carrelage Exterieur;1153
303;Dalle;1154
303;Pavé;1155
303;Pierre Naturelle;1156
303;Pas Japonais;1157
303;Accessoire De Pose Pavé;1158
304;Gravier;1159
304;Galet;1160
304;Paillage;1161
304;Dalle Stabilisatrice De Gravier;1162
305;Produit De Traitement;1163
305;Produit D'Étanchéité;1164
306;Bardage Bois;1165
306;Bardage Pvc;1166
306;Bardage Composite;1167
306;Accessoire Bardage;1168
306;Clin Bois;1169
306;Clin Pvc;1170
306;Clin Composite;1171
306;Accessoire Clin;1172
307;Plaquette Aspect Brique;1173
307;Plaquette Aspect Pierre;1174
307;Colle Plaquette;1175
307;Joint Plaquette;1176
307;Accessoire Plaquette;1177
308;Imperméabilisant Sol;1178
308;Imperméabilisant Mur;1179
308;Traitement Anti-Mousse;1180
309;Enduit De Préparation;1181
309;Enduit De Rejointoiement;1182
309;Enduit Grain Fin;1183
309;Tyrolien;1184
310;Aérosol Efface Graffiti;1185
311;Anti - Limace;1186
311;Anti - Puceron;1187
311;Anti - Chenille;1188
311;Anti - Larve;1189
312;Désherbeur;1190
312;Anti-Mousse;1191
312;Débroussaillant;1192
312;Désherbant Sélectif;1193
313;Engrais Arbre;1194
313;Engrais Fleur;1195
313;Engrais Gazon;1196
313;Engrais Géranium;1197
313;Engrais Potager;1198
313;Engrais Universel;1199
314;Bille D'Argile;1200
314;Engrais Plantes Vertes;1201
314;Engrais Plantes Fleuries;1202
315;Accessoire Semis;1203
315;Protection Semis;1204
315;Gazon;1205
315;Gazon Artificiel;1206
315;Graine;1207
316;Amendement Du Sol;1208
316;Terreau;1209
317;Autre Traitement Vegetaux;1210
317;Fongicide Spécialisé;1211
317;Fongicide Universel;1212
