1;SN Air
1;Fire in the House
2;Cook for all
2;Heinsenberg cooking
3;Caro Déco
3;Passion intérieur
4;Brice & Fils
4;Mur de Berlin
5;Let the sun shine
5;Soleil
6;Garden's party
6;Meubles Louis
7;Cedric & Cie
7;Tout sol
8;Enduits durables
8;Picasso
9;Julien S.A.
9;Jack Haricot
10;Tornado
10;Tiffon
11;Versace
11;Kate Middle
12;Cleanette
12;Waterproof
13;Beau Bois de Bordeaux
13;Wood Stock
14;Chouchou Corp.
14;Mayson LTD
15;Domo House
15;Zeus
16;Crypte de France
16;Rouge et Blanc
17;Bernard Motors
17;Volley S.A.
18;Roby LTD
18;VP Isolation
19;Bric à brac
19;Cactus malin
20;Mario SARL
20;Pau Zéidon
21;Windows 9
21;Portes ouvertes
22;Caille
22;Tourne Corp.
23;Société Quincaillerie de Loire
23;C Plus Plus
24;1984 SARL
24;Stop Catastrophes
25;Icecream
25;Cristal Clear
26;Verdure EURL
26;Tomates en serre
27;Marmiton
27;Ratatouille LTD
28;Kid Land
28;Playstation
29;Stop UV
29;Easy Stores
30;Norvegian Baths
30;Empty Pools
31;Stay Inside
31;Prison Break
32;Motor Way
32;Cars
33;Coupe Coupe
33;Elbow Oil
34;Singing in the rain
34;Under water
35;Flower garden
35;Paquerettes & Pissenlis
36;Comes Mosquitos
36;Lou Minaire S.A.
37;Carrelos
37;Bétonssiré
38;Crépicrépon
38;Outdoors
39;OGM LTD
39;Granipur
